Dataset,Method,PR-AUC,ROC-AUC,Recall,Precision,F1,ECE,Brier,Threshold
telco,Baseline (natural),0.6635 ± 0.0223,0.8469 ± 0.0108,0.5179 ± 0.0353,0.6661 ± 0.0241,0.5825 ± 0.0303,0.0224 ± 0.0077,0.1345 ± 0.0045,0.5000 ± 0.0000
telco,Class-weight,0.6639 ± 0.0233,0.8459 ± 0.0107,0.7801 ± 0.0179,0.5278 ± 0.0112,0.6295 ± 0.0123,0.1310 ± 0.0058,0.1584 ± 0.0047,0.5000 ± 0.0000
telco,SMOTENC/SMOTE,0.6384 ± 0.0245,0.8395 ± 0.0104,0.6848 ± 0.0333,0.5695 ± 0.0109,0.6216 ± 0.0187,0.0838 ± 0.0066,0.1500 ± 0.0040,0.5000 ± 0.0000
telco,ADASYN,0.6527 ± 0.0235,0.8428 ± 0.0107,0.5768 ± 0.0305,0.6178 ± 0.0126,0.5964 ± 0.0213,0.0353 ± 0.0047,0.1381 ± 0.0043,0.5000 ± 0.0000
telco,Threshold shift (max-F1),0.6635 ± 0.0223,0.8469 ± 0.0108,0.7410 ± 0.0559,0.5714 ± 0.0385,0.6421 ± 0.0143,0.0224 ± 0.0077,0.1345 ± 0.0045,0.3282 ± 0.0602
cell2cell,Baseline (natural),0.4663 ± 0.0068,0.6842 ± 0.0044,0.1394 ± 0.0041,0.5964 ± 0.0173,0.2260 ± 0.0058,0.0080 ± 0.0017,0.1868 ± 0.0009,0.5000 ± 0.0000
cell2cell,Class-weight,0.4636 ± 0.0065,0.6836 ± 0.0045,0.6095 ± 0.0039,0.4108 ± 0.0033,0.4908 ± 0.0031,0.1693 ± 0.0018,0.2170 ± 0.0011,0.5000 ± 0.0000
cell2cell,SMOTENC/SMOTE,0.4344 ± 0.0061,0.6674 ± 0.0048,0.1944 ± 0.0032,0.5041 ± 0.0180,0.2805 ± 0.0044,0.0317 ± 0.0020,0.1920 ± 0.0011,0.5000 ± 0.0000
cell2cell,ADASYN,0.4606 ± 0.0069,0.6831 ± 0.0041,0.1366 ± 0.0052,0.5837 ± 0.0214,0.2214 ± 0.0076,0.0107 ± 0.0016,0.1873 ± 0.0008,0.5000 ± 0.0000
cell2cell,Threshold shift (max-F1),0.4663 ± 0.0068,0.6842 ± 0.0044,0.7517 ± 0.0225,0.3819 ± 0.0024,0.5063 ± 0.0044,0.0080 ± 0.0017,0.1868 ± 0.0009,0.2501 ± 0.0077
ecommerce,Baseline (natural),0.9084 ± 0.0162,0.9664 ± 0.0072,0.8161 ± 0.0317,0.8812 ± 0.0141,0.8472 ± 0.0224,0.0379 ± 0.0059,0.0435 ± 0.0063,0.5000 ± 0.0000
ecommerce,Class-weight,0.9075 ± 0.0180,0.9659 ± 0.0075,0.8368 ± 0.0352,0.8492 ± 0.0159,0.8428 ± 0.0244,0.0416 ± 0.0046,0.0445 ± 0.0060,0.5000 ± 0.0000
ecommerce,SMOTENC/SMOTE,0.8870 ± 0.0312,0.9641 ± 0.0104,0.8309 ± 0.0360,0.8263 ± 0.0327,0.8283 ± 0.0311,0.0481 ± 0.0109,0.0504 ± 0.0095,0.5000 ± 0.0000
ecommerce,ADASYN,0.9083 ± 0.0224,0.9691 ± 0.0076,0.8279 ± 0.0361,0.8853 ± 0.0241,0.8556 ± 0.0304,0.0427 ± 0.0079,0.0437 ± 0.0085,0.5000 ± 0.0000
ecommerce,Threshold shift (max-F1),0.9084 ± 0.0162,0.9664 ± 0.0072,0.8457 ± 0.0416,0.8666 ± 0.0181,0.8554 ± 0.0235,0.0379 ± 0.0059,0.0435 ± 0.0063,0.3425 ± 0.1102
iranian,Baseline (natural),0.9576 ± 0.0115,0.9896 ± 0.0029,0.8505 ± 0.0251,0.8927 ± 0.0244,0.8707 ± 0.0169,0.0176 ± 0.0056,0.0275 ± 0.0040,0.5000 ± 0.0000
iranian,Class-weight,0.9536 ± 0.0105,0.9887 ± 0.0029,0.9152 ± 0.0137,0.8535 ± 0.0172,0.8831 ± 0.0105,0.0188 ± 0.0034,0.0289 ± 0.0031,0.5000 ± 0.0000
iranian,SMOTENC/SMOTE,0.9543 ± 0.0117,0.9895 ± 0.0030,0.9232 ± 0.0208,0.8357 ± 0.0233,0.8772 ± 0.0204,0.0248 ± 0.0035,0.0308 ± 0.0050,0.5000 ± 0.0000
iranian,ADASYN,0.9527 ± 0.0108,0.9883 ± 0.0034,0.8869 ± 0.0206,0.8715 ± 0.0224,0.8789 ± 0.0172,0.0215 ± 0.0053,0.0290 ± 0.0042,0.5000 ± 0.0000
iranian,Threshold shift (max-F1),0.9576 ± 0.0115,0.9896 ± 0.0029,0.9212 ± 0.0242,0.8782 ± 0.0277,0.8986 ± 0.0135,0.0176 ± 0.0056,0.0275 ± 0.0040,0.3213 ± 0.1419
bank,Baseline (natural),0.7065 ± 0.0150,0.8667 ± 0.0061,0.4806 ± 0.0204,0.7605 ± 0.0188,0.5887 ± 0.0171,0.0202 ± 0.0035,0.1016 ± 0.0026,0.5000 ± 0.0000
bank,Class-weight,0.7056 ± 0.0161,0.8659 ± 0.0073,0.7428 ± 0.0253,0.5256 ± 0.0169,0.6153 ± 0.0160,0.1517 ± 0.0053,0.1335 ± 0.0030,0.5000 ± 0.0000
bank,SMOTENC/SMOTE,0.6574 ± 0.0132,0.8545 ± 0.0056,0.6834 ± 0.0147,0.5305 ± 0.0126,0.5972 ± 0.0108,0.1307 ± 0.0044,0.1327 ± 0.0029,0.5000 ± 0.0000
bank,ADASYN,0.6978 ± 0.0158,0.8647 ± 0.0060,0.5430 ± 0.0168,0.7010 ± 0.0092,0.6118 ± 0.0113,0.0353 ± 0.0033,0.1040 ± 0.0025,0.5000 ± 0.0000
bank,Threshold shift (max-F1),0.7065 ± 0.0150,0.8667 ± 0.0061,0.6323 ± 0.0410,0.6416 ± 0.0255,0.6356 ± 0.0169,0.0202 ± 0.0035,0.1016 ± 0.0026,0.3277 ± 0.0416
